<?xml version="1.0"?>
<extension>
	<name>PLUGIN_GOOGLEMUSIC</name>
	<module>Plugins::GoogleMusic::Plugin</module>
	<version>0.2</version>
	<description>PLUGIN_GOOGLEMUSIC_DESC</description>
	<creator>Ronald Hecht</creator>
	<email>ronald.hecht@gmx.de</email>
	<defaultState>enabled</defaultState>
	<homepageURL>https://github.com/hechtus/squeezebox-googlemusic</homepageURL>
	<icon>plugins/GoogleMusic/html/images/icon.png</icon>
	<optionsURL>plugins/GoogleMusic/settings/basic.html</optionsURL>
	<type>2</type>
	<targetApplication>
		<id>Logitech Media Server</id>
		<minVersion>7.0a</minVersion>
		<maxVersion>7+</maxVersion>
	</targetApplication>
</extension>
